<?xml version="1.0" encoding="UTF-8"?>
<ti:module xmlns:ti="http://ti.appcelerator.org" xmlns:android="http://schemas.android.com/apk/res/android">
	<!--
		Similar to tiapp.xml, but contains module/platform specific
		configuration in <iphone>, <android>, and <mobileweb> sections
	-->
	<iphone>
	</iphone>
	<android xmlns:android="http://schemas.android.com/apk/res/android">
		<manifest>
			<uses-permission android:name="android.permission.GET_TASKS" />
			<uses-permission android:name="android.permission.INTERNET" />
			<uses-permission android:name="android.permission.ACCESS_WIFI_STATE" />
			<uses-permission android:name="android.permission.ACCESS_NETWORK_STATE" />
			<uses-permission android:name="android.permission.CHANGE_WIFI_STATE" />
			<uses-permission android:name="android.permission.WRITE_EXTERNAL_STORAGE" />
			<uses-permission android:name="android.permission.READ_PHONE_STATE" />
			<uses-permission android:name="android.permission.MANAGE_ACCOUNTS"/>
			<uses-permission android:name="android.permission.GET_ACCOUNTS"/>
			<!-- 蓝牙分享所需的权限 -->
			<uses-permission android:name="android.permission.BLUETOOTH" />
			<uses-permission android:name="android.permission.BLUETOOTH_ADMIN" />
			<application>
				<activity
		            android:name="com.mob.tools.MobUIShell"
		            android:theme="@android:style/Theme.Translucent.NoTitleBar"
		            android:configChanges="keyboardHidden|orientation|screenSize"
		            android:windowSoftInputMode="stateHidden|adjustResize">
		            <!-- 
		            	AuthorizeAdapter表示一个继承自cn.sharesdk.framework.authorize.AuthorizeAdapter
		            	的类，这个类可以监听到页面的生命周期，也可以获取授权页面的各种UI控件。 
		            	开发者可以通过继承AuthorizeAdapter，重写其方法，并获取各种UI来自定义这个页面的行为。
		            -->
		            <meta-data android:name="AuthorizeAdapter" android:value="cn.sharesdk.demo.MyAdapter" />
		            
		            <!-- 
		            	QZoneWebShareAdapter表示一个继承自cn.sharesdk.tencent.qzone.QZoneWebShareAdapter
		            	的类，这个类可以监听到页面的生命周期，也可以获QQ空间网页分享权页面的各种UI控件。 
		            	开发者可以通过继承QZoneWebShareAdapter，重写其方法，并获取各种UI来自定义这个页面的行为。
		            <meta-data android:name="QZoneWebShareAdapter" android:value="cn.sharesdk.demo.MyQZoneWebShareAdapter" />
		            <meta-data android:name="QQWebShareAdapter" android:value="cn.sharesdk.demo.MyQQWebShareAdapter" />
		            -->
		            
		            <!--
		            	Dropbox的SSO功能需要在此处添加一个对ACTION_VIEW事件的过滤器，其中的scheme是
		            	“db-”前缀再开发者应用的加上appKey。如果此过滤器不设置，则不能完成SSO功能授权
		            -->
		            <intent-filter>
		                <data android:scheme="db-7janx53ilz11gbs" />
		        		<action android:name="android.intent.action.VIEW" />
		        		<category android:name="android.intent.category.BROWSABLE"/>
		        		<category android:name="android.intent.category.DEFAULT" />
		            </intent-filter>
		        </activity>
		        
		        <!-- QQ客户端回调 -->
		        <activity 
		        	android:name="cn.sharesdk.tencent.qq.ResultReceiver"
		            android:launchMode="singleTask"
		            android:noHistory="true">
		            <!--
		            	如果集成QQ分享，或者使用QQ客户端来进行QQ空间的分享，须要在此处添加一个对ACTION_VIEW
		            	事件的过滤器，其中的scheme是“tencent”前缀再开发者应用的加上appId。如果此过滤器不设置，
		            	则分享结束以后不能得到正确的回调
		            -->
		            <intent-filter android:priority="1000" >
		                <data android:scheme="tencent100371282" />
		                <action android:name="android.intent.action.VIEW" />
		                <category android:name="android.intent.category.DEFAULT" />
		                <category android:name="android.intent.category.BROWSABLE" />
		            </intent-filter>
		        </activity>
		        
		        <!-- 微信分享回调 -->
		        <activity
		            android:name="com.mamashai.babycalendar.wxapi.WXEntryActivity"
		            android:theme="@android:style/Theme.Translucent.NoTitleBar"
		            android:configChanges="keyboardHidden|orientation|screenSize"
		            android:exported="true" />
		        <!-- 易信分享回调 -->
		        <activity
		            android:name=".yxapi.YXEntryActivity"
		            android:theme="@android:style/Theme.Translucent.NoTitleBar"
		            android:configChanges="keyboardHidden|orientation|screenSize"
		            android:excludeFromRecents="true"
		            android:exported="true"
		            android:launchMode="singleTop" />        
		        <!-- 支付宝分享回调 -->
		        <activity
		            android:name=".apshare.ShareEntryActivity"
		            android:theme="@android:style/Theme.Translucent.NoTitleBar"
		            android:configChanges="keyboardHidden|orientation|screenSize"
		            android:exported="true"/>
		            
		        <!-- 调用新浪原生SDK，需要注册的activity -->
		        <activity
					android:name="com.sina.weibo.sdk.component.WeiboSdkBrowser"
					android:configChanges="keyboardHidden|orientation"
					android:windowSoftInputMode="adjustResize"
					android:exported="false" >
				</activity>
				
		        <!-- 调用新浪原生SDK，需要注册的回调activity -->
		        <activity
		            android:name="cn.sharesdk.sina.weibo.SinaActivity"
		            android:theme="@android:style/Theme.Translucent.NoTitleBar">
		            <intent-filter>
						<action android:name="com.sina.weibo.sdk.action.ACTION_SDK_REQ_ACTIVITY" />
						<category android:name="android.intent.category.DEFAULT" />
					</intent-filter>
		        </activity>
			</application>
		</manifest>
	</android>
	<mobileweb>
	</mobileweb>
</ti:module>
